User ID,Name,Age,Gender,Balance,Account Type,Credit Score,Country
1,Bernard Anderson,22,Non-binary,63712.35,Savings,463,Lithuania
2,Rachel Taylor,40,Non-binary,81504.88,Business,543,Egypt
3,Diana Moore,62,Non-binary,50029.11,Savings,464,Thailand
4,Ricardo Stone,52,Non-binary,59208.43,Business,441,Guam
5,Hannah Mcknight,41,Non-binary,60611.93,Savings,559,Kazakhstan
6,Sheena Wilson,44,Male,87740.54,Checking,395,Moldova
7,Carolyn Johnson,45,Non-binary,93250.49,Checking,571,Saudi Arabia
8,Janice Frank,20,Male,56472.26,Business,555,French Polynesia
9,James Solis,51,Male,36254.54,Business,766,Cuba
10,David Benson,25,Non-binary,68304.81,Checking,711,Montenegro
11,Patricia Fritz,25,Female,42459.31,Business,593,Suriname
12,Angela Gray,67,Non-binary,59358.4,Checking,318,Montenegro
13,Daniel Velazquez DDS,75,Male,34985.17,Checking,480,Senegal
14,Christopher Simon,55,Female,23608.02,Savings,300,Iran
15,Anthony Berger,34,Female,48354.33,Checking,582,Argentina
16,Julie Soto,68,Male,82341.64,Business,736,Bahrain
17,Amy Young,63,Female,44844.25,Checking,475,Western Sahara
18,Mario Reese,70,Female,52382.35,Business,614,Bulgaria
19,Jessica Drake,20,Female,12357.63,Savings,465,Myanmar
20,Angela Kim,52,Non-binary,83216.59,Business,459,Kenya
21,Brandon House,33,Non-binary,74098.76,Savings,835,Monaco
22,Amber Stone,51,Male,76779.15,Business,396,Mali
23,Maria Hopkins,46,Female,89435.52,Business,319,Lesotho
24,Patrick Phillips,67,Male,99120.68,Checking,845,Panama
25,Kendra Hughes,74,Female,72623.08,Savings,697,Bhutan
26,Mary Landry,50,Non-binary,5560.15,Checking,458,Nigeria
27,Joseph Rodriguez PhD,53,Non-binary,36774.3,Business,598,Greece
28,Robert Vasquez,33,Non-binary,87171.32,Checking,637,Puerto Rico
29,Omar Rhodes,23,Male,96744.23,Business,800,Greece
30,Gary Crawford,23,Male,30199.08,Checking,589,Pakistan
31,Rebecca White,23,Male,35264.24,Business,400,Greenland
32,Shannon Todd,80,Male,13406.77,Savings,735,Mexico
33,Sarah Galvan,27,Male,91889.65,Savings,401,Sao Tome and Principe
34,Anthony Mccarthy,58,Male,17376.95,Business,731,Uruguay
35,Noah Cline,49,Female,73915.97,Business,679,Isle of Man
36,Christopher Sutton,79,Female,89910.88,Business,354,Denmark
37,Allison Gray,64,Male,29728.84,Business,311,Cameroon
38,Sarah Gonzalez,36,Male,54847.75,Business,466,Italy
39,Paula Nixon,40,Non-binary,92089.4,Checking,436,Antigua and Barbuda
40,Andrea Day,68,Male,51626.73,Checking,417,Libyan Arab Jamahiriya
41,Jennifer Burke,73,Male,99673.85,Business,329,Tonga
42,Sandra Ruiz,44,Female,4700.07,Savings,742,Algeria
43,Michelle Clay,64,Non-binary,36880.73,Savings,464,New Caledonia
44,Stephanie Williams,42,Male,21511.97,Savings,437,Macedonia
45,Elijah Foster,59,Female,88795.8,Savings,307,Norfolk Island
46,Joseph Grant,28,Male,47826.13,Checking,796,Malaysia
47,Blake Valentine,25,Female,63671.27,Checking,545,Turkey
48,Kristie Marshall,25,Female,9290.94,Savings,589,Kyrgyz Republic
49,Frank Hernandez,69,Non-binary,23929.35,Checking,531,Slovenia
51,William Escobar,44,Non-binary,91765.61,Savings,379,Ireland
52,Richard Zamora,59,Non-binary,73753.75,Business,536,Slovakia (Slovak Republic)
53,Rita Payne,37,Male,25852.78,Checking,599,Pitcairn Islands
54,Jacob Freeman,19,Non-binary,2462.67,Savings,649,Liechtenstein
55,Edward Flores,35,Female,12967.01,Checking,641,Peru
56,Pam Smith,19,Female,32099.07,Business,727,Madagascar
57,Alexander Weiss,73,Non-binary,4822.42,Savings,415,Cook Islands
58,Carl Park,42,Male,94547.04,Savings,499,Switzerland
59,Audrey Garza,72,Female,75901.91,Business,831,Djibouti
60,Casey Hunt,79,Female,96356.94,Checking,311,Pitcairn Islands
61,Christopher Mckenzie,34,Non-binary,49163.08,Checking,536,Norway
62,Dr. Ashley Townsend,60,Male,50457.91,Business,568,Timor-Leste
63,Seth Orozco,48,Male,71924.79,Business,580,Fiji
64,Joseph Hicks,64,Non-binary,83900.17,Checking,685,Benin
65,Paul Collins,54,Non-binary,52531.73,Business,625,Bahamas
66,Darrell Archer,64,Female,63585.17,Checking,542,Niger
67,James Mendez,43,Male,92336.92,Checking,515,Ukraine
68,Michael White,80,Female,85589.63,Business,637,Cambodia
69,Robert Hamilton,18,Non-binary,68223.29,Checking,404,Benin
70,Mark Barber,65,Female,78288.72,Checking,358,Gabon
71,Gregory Mcmahon,62,Non-binary,60413.75,Savings,828,Eritrea
72,David Fox,47,Non-binary,26962.99,Business,841,Burkina Faso
73,Anthony Pruitt,76,Non-binary,43160.58,Checking,538,El Salvador
74,Geoffrey Padilla,72,Female,83432.66,Checking,810,Saint Lucia
75,Michael Clark,35,Female,93445.15,Business,400,Somalia
76,Barbara Conner,80,Female,80721.54,Savings,722,Comoros
77,Brent Gibbs,18,Female,19243.29,Checking,772,Latvia
78,Sophia Montgomery,27,Non-binary,21171.15,Savings,796,Niue
79,Colin Johnson,55,Female,69443.83,Savings,597,Micronesia
80,Victoria Brown,25,Non-binary,1770.13,Checking,506,Korea
81,Marissa Burgess,31,Female,51986.63,Checking,358,Afghanistan
82,Karen Robinson,76,Female,70050.81,Business,329,New Caledonia
83,Steven Eaton,39,Male,15213.87,Savings,656,Bolivia
84,Melvin Hernandez DVM,60,Female,34845.22,Checking,493,Somalia
85,Karen Fields,50,Non-binary,94563.6,Business,744,Norfolk Island
86,William Yates,44,Male,45539.36,Checking,546,Djibouti
87,Tiffany Odonnell,27,Female,8741.37,Savings,386,Guam
88,Patricia Cobb,40,Male,96848.49,Checking,552,Kuwait
89,Derrick Morton,63,Female,85399.21,Business,565,Philippines
90,Stephanie Church,68,Male,81261.29,Checking,599,Bermuda
91,Nancy Morgan,60,Male,9603.46,Checking,639,Papua New Guinea
92,Douglas Tran,47,Female,4722.78,Business,423,Austria
93,Terry Stevens,61,Female,90295.61,Checking,532,Botswana
94,Dr. Debbie Warren,66,Non-binary,10959.94,Checking,377,Lesotho
95,Randall Paul,22,Non-binary,62217.45,Checking,410,Gibraltar
96,Lisa Houston,51,Non-binary,29222.04,Business,421,Micronesia
97,Steven Jacobson,51,Female,46191.95,Business,660,Cayman Islands
98,Rebecca Ruiz,39,Non-binary,35444.17,Business,698,Macao
99,Gene Vang,73,Female,89581.03,Savings,514,Mauritania
100,Michael Young,51,Male,59807.7,Checking,475,Nicaragua
101,Lori Gardner,75,Male,99579.56,Business,595,Finland
102,Jack Barnes,53,Non-binary,79522.61,Business,630,Sao Tome and Principe
103,Felicia Gilbert,30,Female,11279.86,Checking,698,Mayotte
104,Taylor Gonzalez,34,Non-binary,31955.41,Savings,471,Nigeria
105,Mike Ferguson,77,Female,94951.38,Savings,484,Maldives
106,Timothy Hahn,19,Male,59913.19,Business,832,Slovakia (Slovak Republic)
107,Jennifer May,68,Female,59355.85,Business,585,Guadeloupe
108,David Kennedy,68,Female,25807.78,Savings,831,Liberia
109,James Leach,25,Male,79628.54,Savings,613,Heard Island and McDonald Islands
110,Rhonda Barnes,61,Female,65613.53,Business,538,Tokelau
111,Daniel Jackson,53,Female,46207.12,Checking,587,British Indian Ocean Territory (Chagos Archipelago)
112,Kelly Nelson,37,Female,23251.64,Checking,466,Indonesia
113,Dalton Williams,69,Non-binary,17242.95,Business,724,Liberia
114,Bridget Smith,34,Female,79122.21,Business,746,Saint Lucia
115,Ashlee Willis,20,Female,44010.07,Savings,812,Cuba
116,Natalie Mckay,66,Non-binary,10332.67,Checking,419,United States of America
117,Nicole Herrera,47,Male,65187.39,Savings,591,Canada
118,Elizabeth Murray,67,Non-binary,47422.75,Business,533,Slovakia (Slovak Republic)
119,Daniel Scott,51,Non-binary,64237.49,Checking,498,Cambodia
120,Sabrina Strickland,50,Male,81385.43,Business,620,Russian Federation
121,Randy Miller,58,Female,26887.9,Savings,465,Myanmar
122,Danielle Espinoza,43,Male,10583.67,Checking,739,Greenland
123,Nicole Rogers,24,Non-binary,30480.73,Business,641,Sierra Leone
124,Lee Carter,38,Female,90810.93,Business,653,Grenada
125,Matthew Perkins,51,Female,21206.21,Savings,680,Micronesia
126,James Simmons IV,80,Female,96136.1,Business,498,American Samoa
127,Judy Dougherty,77,Male,17300.41,Checking,606,Saint Barthelemy
128,Kevin Clark,60,Female,51830.54,Savings,330,Guam
129,Gary Rhodes,79,Male,73846.16,Business,398,Guyana
130,Tiffany Morris,28,Non-binary,28256.32,Business,757,Canada
131,Michele Martin,21,Male,98509.91,Business,448,Liberia
132,Lisa Hale,58,Female,10612.81,Checking,345,Syrian Arab Republic
133,Michael Le,67,Male,16509.77,Savings,393,Western Sahara
134,Robert Medina,40,Non-binary,95388.41,Savings,834,Indonesia
135,Heather Montgomery,51,Male,33062.34,Business,501,Angola
136,Eric Thompson,79,Female,54228.53,Business,698,Botswana
137,William Riley,51,Non-binary,98850.31,Checking,751,Lebanon
138,Seth Erickson,48,Female,66118.89,Checking,730,Maldives
139,Cynthia Riggs,21,Non-binary,11769.48,Savings,676,Bouvet Island (Bouvetoya)
140,Gregory Liu,20,Male,60539.69,Savings,406,Tuvalu
141,Jeffrey Howard,24,Female,23788.19,Savings,643,Madagascar
142,Lisa Woods,50,Female,20816.09,Checking,315,Gambia
143,Cameron Clark,24,Male,38837.39,Savings,596,Cote d'Ivoire
144,Tonya Keller,48,Non-binary,72887.39,Checking,529,Saint Barthelemy
145,Matthew Brandt,34,Non-binary,73612.98,Business,545,Israel
146,Amber Mcpherson,55,Female,6363.55,Business,708,Iran
147,Michael Stuart,77,Non-binary,6974.77,Business,336,Serbia
148,Cynthia Hoffman,50,Female,69841.0,Business,380,Congo
149,Kristy Lopez,31,Male,97867.05,Business,516,Andorra
150,Ryan Sanchez,38,Female,71038.56,Business,396,Saudi Arabia
151,Courtney Gilmore,28,Female,48510.0,Business,836,Costa Rica
152,Paul Miller,22,Non-binary,62740.43,Savings,427,Reunion
153,Shawn Charles,64,Male,30205.3,Savings,400,Saint Vincent and the Grenadines
154,Andrea Watson,24,Non-binary,94595.82,Checking,806,Estonia
155,Patricia Nicholson,32,Female,98617.73,Savings,301,Dominica
156,Adam Carpenter,57,Non-binary,43772.01,Savings,839,Portugal
157,Rachel Mccarthy,66,Male,9663.46,Checking,322,Chad
158,Travis Leach,51,Male,42965.15,Checking,657,Falkland Islands (Malvinas)
159,Christopher Moore,48,Female,10314.71,Checking,450,Ethiopia
160,Peggy Hernandez,76,Female,3457.64,Savings,735,Congo
161,Mary Miller,74,Female,37811.14,Savings,394,Israel
162,Nicole Brown,24,Female,32902.75,Checking,616,Lesotho
163,Anne Villarreal,43,Non-binary,78465.66,Business,323,Rwanda
164,Eric King,60,Female,82362.73,Savings,315,Japan
165,Angela Thomas,28,Male,39868.59,Savings,509,Cape Verde
166,Christian Peters,39,Non-binary,40212.82,Checking,481,Mongolia
167,Michael Silva,18,Female,73906.55,Checking,831,Maldives
168,Samantha Moses,49,Non-binary,62124.17,Checking,316,Lesotho
169,Sarah Harvey,74,Female,45892.99,Business,728,India
170,Steven Fox,30,Male,58319.09,Savings,620,Cuba
171,Taylor Johnson,23,Female,7338.44,Business,747,Cote d'Ivoire
172,Emily Heath,61,Female,75047.72,Business,613,Andorra
173,James Pennington,74,Female,15811.85,Savings,543,Saint Helena
174,Brandi Davis,67,Non-binary,14952.26,Checking,744,Tanzania
175,Michael Juarez,70,Non-binary,66299.39,Checking,499,Sao Tome and Principe
176,Linda Griffin,58,Male,83459.86,Savings,713,Azerbaijan
177,James Ross,49,Male,24345.94,Savings,743,Puerto Rico
178,Samantha Young,80,Non-binary,85499.91,Savings,690,Nepal
179,Stephen Romero,49,Female,55956.56,Savings,604,Pitcairn Islands
180,Todd Murray,28,Non-binary,79762.6,Checking,723,Guadeloupe
181,Joshua Perez,19,Non-binary,2476.78,Business,734,Wallis and Futuna
182,Marcus Young,23,Female,68891.84,Business,504,Oman
183,Connie Henderson,55,Non-binary,64758.44,Business,736,Denmark
184,Elizabeth Hughes,78,Female,89226.98,Checking,386,Macao
185,Mrs. Kimberly Taylor DDS,35,Female,742.11,Savings,547,Brunei Darussalam
186,Mrs. Courtney Valentine DVM,46,Female,908.82,Checking,453,Isle of Man
187,Jason Buckley,50,Non-binary,85502.4,Business,502,Guadeloupe
188,Abigail Perez,64,Non-binary,28679.18,Checking,590,Morocco
189,Emily Shepard,71,Non-binary,10820.48,Business,595,Trinidad and Tobago
190,Holly Curry,72,Male,67335.76,Business,797,Guatemala
191,Stacy Hayden,36,Male,10798.04,Checking,781,Cape Verde
192,Shelby Burke,80,Male,55461.74,Business,823,Albania
193,Mark Bailey,70,Non-binary,82227.63,Checking,538,Holy See (Vatican City State)
194,Christopher Robertson,44,Male,32163.76,Checking,552,Barbados
195,Jessica Johnson,49,Female,44326.72,Business,649,American Samoa
196,Allison Collins,74,Non-binary,8418.19,Savings,549,Guyana
197,Marcus Garcia,31,Female,93209.47,Savings,816,Uganda
198,Darrell Simon,19,Non-binary,43050.69,Savings,624,Honduras
199,Melanie Adams,71,Male,76139.27,Checking,403,Spain
200,Kyle Dyer,22,Male,82837.37,Savings,725,Thailand
201,Jose White,29,Female,20940.19,Savings,335,Saint Martin
202,Mrs. Dorothy Spencer,79,Male,65551.36,Checking,620,Tuvalu
203,Mrs. Rachel Haynes,35,Non-binary,91845.12,Business,444,South Georgia and the South Sandwich Islands
204,Paul Stewart,40,Female,19550.99,Business,398,Liechtenstein
205,David King,67,Male,76201.87,Checking,515,Holy See (Vatican City State)
206,Kelly Castillo,27,Non-binary,19186.07,Savings,737,Niger
207,Kim Johnson,59,Female,34690.02,Savings,599,Malaysia
208,Erica Fernandez,29,Male,7914.77,Savings,318,Norfolk Island
209,Monica Rodriguez,24,Female,37186.65,Savings,462,Libyan Arab Jamahiriya
210,Amy Robles,71,Non-binary,9125.84,Savings,787,Brazil
211,Steven Jenkins,69,Female,72260.44,Checking,810,Puerto Rico
212,Kathryn Bishop,31,Male,26944.17,Savings,362,Taiwan
213,Erin Richards,71,Female,89903.77,Checking,570,Svalbard & Jan Mayen Islands
214,Marcus Coleman,62,Non-binary,45384.89,Savings,368,Dominican Republic
215,David Johnson,76,Female,24991.89,Business,718,Suriname
216,Crystal Brewer,29,Non-binary,37170.31,Checking,448,Puerto Rico
217,Brittany Flores,65,Female,72084.48,Savings,637,Mexico
218,Monique Marshall,25,Male,3666.55,Savings,681,Tokelau
219,Cynthia Robinson,23,Female,9994.01,Checking,722,Heard Island and McDonald Islands
220,Cynthia Harrington,54,Female,79919.31,Savings,516,Marshall Islands
221,Carol Kim,42,Male,46283.22,Savings,360,Argentina
222,John Flores,62,Male,24309.64,Business,733,Bahrain
223,Heather Chambers,54,Non-binary,58811.84,Business,426,Myanmar
224,Scott Davis,29,Female,16994.8,Business,657,Zambia
225,Scott Martinez,23,Male,3941.25,Checking,776,Pakistan
226,Kimberly Cabrera,55,Non-binary,61655.71,Business,469,Hong Kong
227,Glenn Stevens,35,Female,13398.04,Savings,482,Norway
228,Jordan Beck,74,Female,84954.63,Checking,829,Malta
229,Brenda Jimenez,55,Female,41194.88,Business,450,Djibouti
230,Jacob Ford,46,Female,30860.64,Savings,485,Iceland
231,Rodney Jennings,50,Male,73023.24,Savings,541,Slovenia
232,Thomas Sanders,22,Female,92820.89,Checking,309,Botswana
233,Jennifer Moore,51,Non-binary,3817.76,Savings,655,Botswana
234,Kelly Dixon,69,Male,10314.33,Savings,482,South Africa
235,Jacob Novak,28,Male,7142.25,Savings,750,Saint Pierre and Miquelon
236,Sherry Harrison,34,Male,66473.52,Savings,335,United Kingdom
237,Tyler Thompson,45,Non-binary,4137.39,Checking,734,Netherlands
238,Craig Wiggins,23,Female,43818.24,Business,381,Slovenia
239,Alexander Fleming,29,Non-binary,870.65,Business,360,Chad
240,Bradley Hernandez,79,Female,13266.98,Checking,678,Tuvalu
241,Spencer Hall,29,Non-binary,58020.6,Checking,700,Oman
242,Mr. John Lynch,45,Male,15217.52,Checking,472,Bahamas
243,Charles Alexander,40,Male,74278.34,Savings,711,Dominican Republic
244,Sarah Casey,35,Female,66562.83,Checking,323,Norway
245,Kimberly Thomas,55,Female,79539.76,Savings,405,Congo
246,Yesenia Hardy,19,Non-binary,57167.82,Business,741,United Arab Emirates
247,Erin Nicholson,73,Non-binary,5271.5,Checking,379,Sudan
248,Nancy Barker,43,Female,87143.68,Business,423,Bahrain
249,Chris Hall,25,Non-binary,20679.96,Checking,360,Cyprus
250,Zachary Dunlap,39,Female,24995.61,Savings,344,Mongolia
251,Teresa Martinez,35,Female,10740.45,Savings,759,Cambodia
252,Steven Shepherd,43,Male,42031.45,Checking,339,Latvia
253,James Keller,34,Male,75474.85,Savings,366,Saint Kitts and Nevis
254,Edward Phelps,54,Non-binary,7409.76,Savings,568,Croatia
255,Sarah Walker MD,41,Female,99695.43,Savings,695,Qatar
256,Angela Garza,53,Male,79394.62,Checking,355,Jordan
257,Ryan Pearson,74,Male,19290.24,Business,556,Nigeria
258,Charles Horton,42,Non-binary,77603.6,Business,701,Paraguay
259,William Palmer,37,Male,11715.14,Savings,528,Austria
260,Mitchell Savage,21,Non-binary,52779.93,Business,542,Netherlands
261,John Patterson,43,Female,30676.32,Business,725,Spain
262,John Bowers,25,Female,38739.67,Checking,336,Bangladesh
263,Julie Banks,43,Non-binary,396.66,Savings,757,Djibouti
264,Christian Jimenez,59,Non-binary,29021.92,Business,419,Moldova
265,Christine Miller,43,Male,34275.97,Savings,716,Latvia
266,Robert Garza,45,Non-binary,35309.63,Checking,376,Christmas Island
267,Christopher Lowe,38,Non-binary,82279.31,Checking,701,Aruba
268,Timothy Diaz,45,Non-binary,39571.93,Business,356,British Virgin Islands
269,Aaron Dyer,54,Non-binary,71218.54,Checking,358,Guernsey
270,Steven Moore,24,Male,77133.97,Savings,301,Bulgaria
271,Mr. Jason Hampton,59,Female,44278.56,Savings,784,Albania
272,Jacqueline Holt,63,Male,65180.15,Savings,726,Brunei Darussalam
273,Samuel Long,33,Non-binary,96985.15,Checking,331,Belarus
274,Cory Case,78,Non-binary,79104.36,Business,832,South Georgia and the South Sandwich Islands
275,Mr. Kent Sanchez,42,Non-binary,16657.13,Business,623,Armenia
276,Jennifer May,59,Male,69870.36,Checking,787,Hungary
277,Brian Johnson,63,Non-binary,21237.39,Business,772,Norway
278,Joseph Gutierrez,52,Male,68535.77,Checking,559,United States Minor Outlying Islands
279,Mariah Cruz,80,Male,65888.7,Savings,463,Guyana
280,Patricia Luna,65,Non-binary,16023.91,Checking,672,Costa Rica
281,William Watkins,30,Female,65762.21,Checking,554,Belarus
282,Bryan Peters,18,Male,22755.78,Savings,801,Luxembourg
283,Kari Kim,57,Female,46256.48,Checking,541,Guinea-Bissau
284,Sara Martinez,67,Male,76057.77,Checking,582,Namibia
285,Allison Evans,63,Male,45239.68,Checking,721,Isle of Man
286,Colin Yang,49,Male,40941.26,Business,527,Armenia
287,Michael Chen,20,Female,44847.97,Business,681,Philippines
288,Rhonda Wise,60,Female,39640.02,Savings,379,Iceland
289,Stephen Rodriguez,59,Female,33741.95,Savings,325,Christmas Island
290,Jason Hill,60,Female,91128.2,Checking,730,Faroe Islands
291,Benjamin Weber,20,Male,92331.54,Business,839,United Arab Emirates
292,Michael Frederick,51,Non-binary,63905.91,Checking,600,Guadeloupe
293,Harold Crosby,80,Female,23633.95,Business,501,Montenegro
294,Michael Terry,35,Female,94640.71,Checking,607,New Zealand
295,Bernard Vaughn,70,Male,69920.48,Savings,763,French Southern Territories
296,Catherine Davis,33,Non-binary,93117.46,Checking,594,Aruba
297,Charlene Barry,80,Female,72236.61,Business,539,Bangladesh
298,Jason Cooper,34,Non-binary,54708.86,Savings,776,Spain
299,Jennifer Adams,55,Non-binary,87399.54,Savings,698,Bermuda
300,Melissa Rodriguez,33,Non-binary,12660.31,Business,739,Jordan
301,Julian Johnson,32,Non-binary,67475.26,Business,513,Ethiopia
302,Tyler Evans,79,Non-binary,59326.59,Savings,457,Cote d'Ivoire
303,David Kramer,41,Female,4622.88,Savings,497,Greenland
304,Jessica Cabrera,63,Male,9046.28,Savings,361,Romania
305,Melinda Cardenas,68,Female,63015.63,Checking,537,San Marino
306,Brittany Evans,38,Non-binary,71150.14,Savings,795,Equatorial Guinea
307,Megan Rogers,45,Non-binary,36043.51,Savings,308,Uganda
308,Aaron Cochran,69,Female,86745.78,Savings,710,Marshall Islands
309,Stephanie Washington,65,Female,85107.81,Checking,822,Ecuador
310,Anthony Butler,21,Female,96631.58,Business,756,Suriname
311,Joe Velez,42,Male,45952.87,Savings,488,Aruba
312,Raymond King,79,Male,85861.38,Business,336,Kuwait
313,William Dunlap,56,Non-binary,95632.73,Checking,653,Tokelau
314,Lisa Obrien,79,Non-binary,80966.64,Checking,632,French Southern Territories
315,Christina Kelly,71,Female,50382.46,Business,844,Bosnia and Herzegovina
316,John Howell,19,Non-binary,51621.8,Savings,728,French Southern Territories
317,Darren Hayes,55,Male,64074.68,Savings,805,Guyana
318,Rose Decker,25,Female,53343.62,Business,364,Nauru
319,Scott Bates,27,Female,7144.58,Savings,728,Croatia
320,Michael Daniel,74,Female,90297.19,Savings,310,Papua New Guinea
321,Timothy Murphy,37,Non-binary,32377.42,Savings,680,Czech Republic
322,Larry Torres,61,Male,66541.8,Savings,806,Netherlands
323,Ashley Monroe,55,Female,56505.63,Savings,699,Montserrat
324,Stephen Cortez,57,Non-binary,44276.84,Business,574,Vanuatu
325,Ryan Smith MD,59,Female,49373.23,Business,456,New Zealand
326,Andrew Thompson,65,Male,15044.55,Checking,519,Lao People's Democratic Republic
327,Stacie Rios,62,Non-binary,75149.38,Business,315,Saint Vincent and the Grenadines
328,George King,46,Non-binary,86859.32,Checking,840,Ecuador
329,Brian Wang,28,Male,2433.26,Savings,549,Montenegro
330,Courtney Williams,56,Non-binary,44389.78,Business,520,Algeria
331,Jeff Thomas,70,Female,28315.99,Checking,314,Belize
332,Scott Johnson,25,Male,56527.32,Savings,749,Peru
333,Stacey Bird,23,Female,67732.4,Checking,409,Montserrat
334,Patty Morris,21,Female,93498.63,Savings,378,Barbados
335,Alexander Schneider,54,Non-binary,35282.55,Business,534,Burundi
336,Alexandria Harper,61,Female,47867.77,Savings,598,Antarctica (the territory South of 60 deg S)
337,Dawn Johnson,38,Non-binary,28225.5,Checking,661,Reunion
338,Robin Johnson,53,Non-binary,59116.8,Checking,381,Guatemala
339,Theresa Green,37,Male,77155.58,Business,412,Mexico
340,Heidi Hall,54,Female,97370.62,Business,755,Malawi
341,Brittany Reese,44,Male,7728.3,Checking,645,Haiti
342,John James,53,Male,37639.57,Savings,633,Namibia
343,Andrea Brown,77,Male,78345.01,Savings,594,Mauritania
344,James Long,72,Male,26724.24,Checking,706,Cocos (Keeling) Islands
345,Natalie Myers,45,Non-binary,64393.49,Savings,598,Congo
346,Matthew Williams,32,Male,21365.53,Savings,785,Guinea
347,Wanda Joyce,30,Non-binary,1640.92,Checking,627,Saint Helena
348,Melody Green,29,Non-binary,92921.85,Business,788,Congo
349,Scott Scott,18,Non-binary,23601.2,Checking,339,Saudi Arabia
350,William Davis,31,Non-binary,95971.82,Checking,570,Cuba
351,Jose Jensen,30,Male,14559.71,Business,725,Dominican Republic
352,Lindsey Taylor,64,Non-binary,8472.51,Savings,721,Korea
353,Kara Jackson,68,Female,97501.29,Business,357,Guadeloupe
354,Mary Miller,68,Non-binary,45441.71,Checking,720,Korea
355,Nicole Johnson,35,Male,87096.46,Checking,395,Paraguay
356,Brian Newton,74,Non-binary,60472.46,Savings,716,Denmark
357,Joan Aguilar,67,Female,11110.44,Checking,386,Cayman Islands
358,Juan Martin,28,Male,23435.75,Savings,746,Ireland
359,Jennifer Johnson,62,Female,25473.63,Checking,406,Myanmar
360,Sarah Stewart,58,Male,20692.85,Checking,325,Indonesia
361,Stephanie Peters,72,Male,33139.11,Checking,843,Kenya
362,Tyler Lane,38,Male,51282.47,Savings,592,Colombia
363,Ann Glover,54,Non-binary,53295.24,Savings,493,Seychelles
364,Anthony Simmons,56,Male,23459.46,Business,440,Hong Kong
365,Heidi Hartman,39,Non-binary,74224.77,Business,477,Bolivia
366,Stephanie Gallegos,20,Female,9069.55,Savings,412,Burundi
367,Denise White,21,Non-binary,16547.1,Checking,512,Kiribati
368,Samantha Rodriguez,73,Non-binary,91571.3,Business,422,Suriname
369,John Mcdonald,39,Male,78796.93,Checking,773,Malawi
370,Brenda Phillips,22,Female,90308.99,Business,397,Lao People's Democratic Republic
371,Joseph Gray,69,Female,2835.27,Savings,416,Christmas Island
372,Gary Freeman,55,Non-binary,30082.53,Checking,390,Malaysia
373,Helen Grant,64,Male,56707.35,Savings,536,Spain
374,Erica Robertson,67,Non-binary,77811.56,Savings,517,New Zealand
375,Amy Richardson,23,Non-binary,7543.87,Checking,684,Hong Kong
376,Gregory Sharp,79,Male,58098.98,Checking,819,Antarctica (the territory South of 60 deg S)
377,Matthew Brown,48,Male,95006.88,Savings,623,Cook Islands
378,Garrett Baker,63,Non-binary,33469.68,Business,550,Antigua and Barbuda
379,Donald Mcmahon,78,Male,16218.93,Checking,569,Heard Island and McDonald Islands
380,Michael Cole,51,Male,88591.69,Savings,388,Wallis and Futuna
381,Mr. Michael Simpson,71,Non-binary,73315.39,Checking,745,South Georgia and the South Sandwich Islands
382,Danielle Huynh,46,Male,81904.33,Business,765,Honduras
383,Joyce Schwartz,41,Non-binary,26872.91,Business,604,Costa Rica
384,Joe Adams,56,Female,99318.96,Checking,420,Saint Lucia
385,Michael Erickson,23,Male,76776.08,Business,558,France
386,Billy Leonard,79,Female,33228.96,Savings,518,Saint Martin
387,Danielle Griffith,68,Female,50113.1,Checking,548,Brunei Darussalam
388,Chad Palmer,43,Non-binary,69408.84,Checking,456,Falkland Islands (Malvinas)
389,Stacey Johnson,74,Non-binary,16459.13,Checking,385,Uzbekistan
390,Michele Hamilton,73,Female,47200.86,Business,731,Guyana
391,Meagan Cochran,19,Non-binary,72158.86,Checking,417,Syrian Arab Republic
392,Shannon Lewis,50,Non-binary,26015.02,Savings,814,Afghanistan
393,Stephen Beasley,35,Non-binary,59369.97,Checking,822,Monaco
394,Jeffrey Foster,30,Male,16519.58,Checking,805,South Africa
395,Tanya Young,59,Male,15818.51,Savings,733,Palestinian Territory
396,Darrell Love,20,Male,54083.84,Checking,805,Macedonia
397,Kenneth Perkins,39,Male,58950.67,Savings,332,India
398,Christopher Booker,30,Non-binary,74566.68,Savings,696,Peru
399,Jillian Fields,32,Male,44883.39,Business,837,Kiribati
400,Brandon Figueroa,80,Female,49416.49,Savings,685,Spain
401,Nancy Phillips,64,Non-binary,65367.68,Checking,360,Ghana
402,Melissa Le,50,Male,11563.04,Checking,408,Cook Islands
403,Brooke Smith,66,Male,86647.06,Savings,759,Slovakia (Slovak Republic)
404,Diana Patterson,45,Male,29229.07,Business,572,Palau
405,Donald Green,32,Female,96709.34,Savings,715,Cook Islands
406,Mrs. Kelly Ayala,58,Non-binary,8502.59,Business,517,Bolivia
407,Alice Delgado,29,Female,26653.61,Savings,497,Portugal
408,Noah Casey,62,Non-binary,3580.9,Savings,578,Finland
409,Meredith Brown,22,Non-binary,78248.65,Business,528,United Kingdom
410,Benjamin Rodriguez,60,Non-binary,12931.35,Checking,327,Ireland
411,Willie Ramirez,44,Female,79385.23,Checking,507,South Africa
412,Thomas Andrews,65,Male,6704.06,Business,395,Tuvalu
413,Martin Ibarra,33,Male,57649.74,Savings,499,Botswana
414,Christopher Wilson,68,Non-binary,53074.34,Savings,513,Ireland
415,Hayden Jones,74,Female,20427.95,Business,787,Lesotho
416,Kelly Nelson,74,Male,92583.87,Savings,361,French Polynesia
417,Tammy Johnson,71,Female,95380.96,Business,734,Malta
418,James Davis,72,Non-binary,32012.84,Business,529,Uzbekistan
419,Donna Santos,38,Female,32651.91,Business,500,Seychelles
420,Stephen Harris,24,Female,90809.03,Business,346,Iraq
421,John Lee,31,Female,25943.2,Checking,309,Antigua and Barbuda
422,Taylor Gregory,27,Female,30759.16,Savings,313,Spain
423,Gregory Mitchell,72,Non-binary,55361.93,Checking,308,Australia
424,Mark Ramirez,47,Non-binary,9275.33,Checking,376,Saint Kitts and Nevis
425,Jessica Martinez,20,Female,99642.16,Savings,757,Brunei Darussalam
426,David Cohen,37,Female,30576.22,Savings,462,Rwanda
427,Heather Vasquez,79,Non-binary,88474.38,Savings,666,Cyprus
428,Jessica Zhang,53,Female,33268.96,Business,826,Guyana
429,Ashley Hardy,49,Non-binary,93115.29,Checking,436,Guyana
430,Olivia Vang,29,Non-binary,74557.85,Savings,577,British Virgin Islands
431,Anthony Bell,68,Non-binary,70886.64,Savings,699,Namibia
432,John Washington,51,Male,65442.75,Checking,351,Myanmar
433,Samantha Hudson,44,Female,35557.84,Business,311,Bosnia and Herzegovina
434,Zoe Cruz,61,Non-binary,2929.38,Savings,512,Christmas Island
435,Patricia Washington,19,Female,25700.76,Business,407,Norfolk Island
436,Daniel Brown,67,Male,53632.09,Savings,317,Suriname
437,Jessica Matthews,36,Male,65589.69,Business,689,Latvia
438,Benjamin Rollins,39,Female,67070.14,Business,626,Armenia
439,Kimberly Krueger,75,Non-binary,45225.57,Checking,472,Azerbaijan
440,Natasha Beard,21,Male,19331.82,Checking,442,Indonesia
441,Brooke Oconnor,75,Non-binary,55516.26,Business,740,Timor-Leste
442,Michael Goodman,69,Non-binary,35058.63,Checking,587,Mozambique
443,Diana Blanchard,69,Female,8449.82,Business,750,Panama
444,Rhonda Dunlap,38,Male,48500.66,Checking,847,Tonga
445,Kathleen Dunlap,73,Female,93778.31,Checking,314,Macedonia
446,Mr. Melvin Whitaker,30,Female,8532.61,Savings,753,Equatorial Guinea
447,Tina Malone,29,Male,26975.48,Savings,328,Zambia
448,Amanda Orr,61,Non-binary,33030.22,Savings,723,United States of America
449,Charles Jarvis,70,Female,1760.91,Checking,846,Lao People's Democratic Republic
450,Aaron Cuevas,26,Male,13047.52,Savings,666,Ecuador
451,Bethany Wilson,48,Female,89099.76,Checking,569,Georgia
452,Tara Lee,48,Male,8053.79,Business,586,Dominican Republic
453,Tyler Hudson,59,Male,96865.27,Business,621,Honduras
454,Mark Donaldson,25,Non-binary,92772.47,Business,674,Monaco
455,Barbara Gonzalez,73,Male,80711.62,Checking,372,Brazil
456,Kara Walker,20,Male,97671.72,Checking,715,Albania
457,Jack Washington,26,Non-binary,603.93,Business,444,Tokelau
458,Brent Williams,49,Male,85275.95,Business,611,Libyan Arab Jamahiriya
459,Amanda Rollins,68,Non-binary,33688.72,Checking,560,Saint Vincent and the Grenadines
460,Robert Hoover,41,Non-binary,22014.6,Business,727,Mongolia
461,Carol Gray,30,Female,48909.41,Business,533,Comoros
462,Gregory Ballard,45,Male,3694.81,Business,493,Greece
463,Dakota Herrera,23,Male,13606.16,Savings,409,Uganda
464,Mrs. Dana Brown,80,Non-binary,38022.36,Checking,397,United States of America
465,Holly Brown,52,Male,13800.62,Savings,520,Hong Kong
466,Steven Gonzalez,35,Male,31737.98,Savings,555,Reunion
467,Sara Thompson,70,Female,75429.59,Savings,640,Cayman Islands
468,Walter Cowan,35,Male,86588.47,Savings,304,Pitcairn Islands
469,Allen Weaver,54,Male,60064.42,Business,324,Singapore
470,Adrienne Moore,63,Female,35953.49,Business,656,Niger
471,Susan Davenport,31,Female,82916.85,Checking,408,Burundi
472,Gina Simon,63,Non-binary,13019.76,Checking,401,Cayman Islands
473,Paul Harris,45,Male,59026.48,Checking,704,Algeria
474,Renee West,27,Male,60308.63,Checking,472,Netherlands Antilles
475,Maria Moore,55,Male,68960.03,Savings,538,Martinique
476,Diane Pena,50,Male,64881.19,Business,597,Cote d'Ivoire
477,Carol Jackson,43,Male,5082.25,Savings,746,Wallis and Futuna
478,Samantha Arnold,37,Non-binary,51368.37,Business,558,Macao
479,Richard Peterson,66,Female,70029.03,Savings,341,Timor-Leste
480,Angela Ramirez,20,Non-binary,8592.37,Business,524,Jersey
481,Ariana Murphy,33,Male,80032.14,Business,633,Mozambique
482,Jesse Franklin,50,Non-binary,74698.24,Checking,710,Bhutan
483,Barbara Richardson,67,Female,96327.47,Business,716,Slovakia (Slovak Republic)
484,John Mendez,19,Non-binary,1405.81,Business,600,Djibouti
485,Ashley Novak,75,Female,18736.27,Checking,690,Greenland
486,Adam Mccoy,53,Male,20316.18,Checking,824,Guinea-Bissau
487,Mike Le,60,Male,37755.23,Savings,752,Mozambique
488,Karen Ryan,72,Female,66312.3,Checking,748,Seychelles
489,Denise Snyder,52,Male,7514.49,Savings,750,Algeria
490,Thomas Edwards,31,Female,58863.35,Business,504,China
491,Melody Foster,57,Female,506.62,Checking,471,Hungary
492,Carla Hart,60,Male,85258.25,Business,531,Uzbekistan
493,Jennifer Cherry,29,Non-binary,62411.35,Business,733,Holy See (Vatican City State)
494,Joseph Sutton,64,Non-binary,76458.61,Checking,794,Vanuatu
495,David Morgan,65,Female,75132.12,Business,630,Nauru
496,Shawn Shelton,36,Non-binary,47002.74,Checking,552,Macao
497,Christina Cole,74,Non-binary,52693.19,Business,321,Ghana
498,Hunter Simpson,30,Female,63294.95,Business,788,Kiribati
499,James Parker,31,Female,1038.13,Checking,750,Serbia
500,John Gardner,70,Female,11680.93,Business,633,Myanmar
501,Brittany Wiley,63,Male,36021.29,Savings,344,Cuba
502,Ann Huffman,59,Female,33882.18,Business,729,Gambia
503,Nancy Lopez,19,Non-binary,4913.42,Business,491,French Southern Territories
504,Megan Hansen,61,Female,64902.58,Savings,742,Holy See (Vatican City State)
505,Christina Howard,80,Non-binary,54649.5,Savings,545,Georgia
506,Johnny Rodriguez,62,Female,68001.65,Business,582,Israel
507,Theresa Wilson,77,Female,97743.57,Checking,447,Ghana
508,Jeffrey Wright,72,Male,26627.59,Business,605,Norway
509,Renee Fitzgerald,57,Male,25750.06,Checking,544,Belgium
510,Thomas Wood,52,Non-binary,42514.46,Savings,687,Mayotte
511,Katherine Chavez,28,Male,75266.28,Savings,419,Saint Vincent and the Grenadines
512,Sean Bush,70,Non-binary,18304.17,Checking,667,Switzerland
513,James Terrell,77,Non-binary,45039.06,Business,538,Germany
514,Wanda Morton,59,Male,34534.48,Checking,411,Liberia
515,Erin Collier,29,Male,33621.8,Business,306,Eritrea
516,Robin Rogers,25,Male,82205.22,Business,323,United States of America
517,Kelly Vance,54,Non-binary,54194.37,Checking,698,Tanzania
518,Mary Robinson DDS,79,Non-binary,4213.38,Business,538,Korea
519,Jeffrey Carlson,34,Male,45651.2,Business,761,Iraq
520,Melissa Beck,76,Non-binary,39632.4,Savings,334,Montenegro
521,Alfred Porter,35,Male,89250.06,Business,645,Bangladesh
522,Mrs. Jessica Woods,42,Female,37082.89,Business,708,Norfolk Island
523,Mr. Nicholas Sandoval DDS,31,Female,81147.95,Savings,807,Belgium
524,Elizabeth Wong,75,Non-binary,22157.5,Checking,847,Armenia
525,Amanda Jenkins,66,Male,99439.59,Checking,468,Trinidad and Tobago
526,Darryl Bryan,78,Male,85230.66,Business,501,Seychelles
527,Cody Moore,36,Non-binary,4545.86,Business,401,Sao Tome and Principe
528,Jacob Calhoun MD,63,Non-binary,35547.92,Business,335,Grenada
529,Adam Hernandez,25,Male,67692.13,Savings,392,Equatorial Guinea
530,Nicole Henderson,74,Male,38235.78,Checking,605,Albania
531,Angela Roberts,45,Female,17490.51,Savings,699,Guinea
532,Joseph Chavez,56,Female,52427.28,Business,660,Malaysia
533,Sarah Bailey,65,Male,62466.98,Savings,373,Tuvalu
534,Kyle Chan MD,43,Non-binary,9185.41,Business,650,United Kingdom
535,Anthony Hogan,75,Non-binary,97119.03,Business,400,Estonia
536,Nicholas Tyler,32,Non-binary,20360.11,Business,453,British Indian Ocean Territory (Chagos Archipelago)
537,David Davis,25,Non-binary,21485.91,Savings,475,Iran
538,Alan Evans,31,Male,67169.4,Checking,589,Isle of Man
539,Elizabeth Smith,68,Female,4459.43,Checking,712,Holy See (Vatican City State)
540,Curtis Hughes PhD,33,Non-binary,11026.85,Savings,770,Vanuatu
541,Adrian Bowman,72,Non-binary,2429.94,Savings,554,United Kingdom
542,Corey Edwards,32,Male,82054.97,Checking,335,Papua New Guinea
543,Denise Fisher,79,Male,37155.14,Savings,540,Peru
544,Kendra Jones,69,Non-binary,67517.39,Savings,798,Western Sahara
545,Andrea Kline,65,Non-binary,9064.99,Checking,678,Sudan
546,Kevin Jones,47,Male,6746.41,Checking,455,Solomon Islands
547,Zachary Perkins,24,Non-binary,73457.65,Savings,739,Bolivia
548,Troy Bradley,79,Male,91698.34,Checking,314,Somalia
549,Angela Wilkinson,79,Male,15141.98,Checking,761,United Kingdom
550,Jennifer Sanchez,53,Male,97622.22,Savings,812,Moldova
551,Timothy Burton,75,Female,29290.31,Business,398,Montenegro
552,Donald Smith,55,Non-binary,9969.33,Business,321,Chad
553,Robert Jones,69,Non-binary,56447.87,Savings,812,China
554,Jesse French,52,Male,51928.64,Checking,489,Colombia
555,Ronnie Smith,32,Male,70710.85,Checking,303,Congo
556,Elizabeth Klein,24,Male,24433.79,Checking,586,Guam
557,Brent Lowery,30,Non-binary,28579.08,Business,818,Iceland
558,Wesley Riley,45,Male,6879.08,Checking,457,Antarctica (the territory South of 60 deg S)
559,Michael Villarreal,60,Male,46668.11,Savings,301,Russian Federation
560,William Cooper,35,Male,19738.96,Business,444,Sao Tome and Principe
561,Peter Miller,63,Non-binary,92091.8,Savings,728,Antigua and Barbuda
562,Steven Morgan,72,Male,89552.16,Checking,501,Anguilla
563,Melissa Mcguire,40,Non-binary,46338.28,Business,773,Holy See (Vatican City State)
564,Donna George,68,Female,84368.78,Checking,639,Israel
565,Garrett Martin,22,Female,75889.94,Checking,710,American Samoa
566,Kenneth James DDS,30,Non-binary,84543.61,Savings,329,Solomon Islands
567,Kenneth Francis,69,Non-binary,47995.22,Business,398,Swaziland
568,Madeline Lopez,35,Male,32091.54,Savings,818,Solomon Islands
569,Anthony Chambers,74,Male,3522.3,Business,379,Egypt
570,Beth Stevenson,32,Female,91591.51,Savings,546,Moldova
571,Daniel Nelson,51,Female,45780.83,Checking,593,Nigeria
572,Laura Bautista,41,Female,28273.75,Business,776,Mali
573,Teresa Roberts,37,Female,36069.27,Savings,686,Thailand
574,Sheila Johnson,41,Male,1684.76,Business,404,Austria
575,Mrs. Emily Petty,66,Female,11584.25,Checking,744,Estonia
576,Harold Singleton,29,Female,25713.94,Business,756,Brazil
577,William Rogers,79,Male,12314.36,Savings,332,Belize
578,Michael Kelley,64,Male,51787.55,Savings,646,Sao Tome and Principe
579,Kimberly Clark,41,Male,48795.49,Business,560,Djibouti
580,Becky Hernandez,18,Male,69526.35,Savings,415,Grenada
581,Sheri Madden,24,Male,53777.16,Checking,642,United Kingdom
582,Joseph Washington,25,Non-binary,92288.19,Savings,388,Reunion
583,Brendan Knapp,54,Non-binary,75123.6,Checking,436,Zimbabwe
584,Gabriela Johnson,69,Male,86583.64,Checking,494,Jamaica
585,Joshua Jackson,29,Female,77641.1,Savings,760,Barbados
586,Austin Preston,33,Non-binary,23457.89,Business,701,Haiti
587,Kurt Curtis,78,Female,93099.54,Business,401,Gibraltar
588,John Hensley,43,Female,63381.33,Business,802,Guyana
589,Nicole Williams,60,Female,4352.81,Checking,315,India
590,Stacy Garrett,33,Male,80857.53,Savings,776,India
591,Erica Brady,76,Male,62541.74,Business,780,Bermuda
592,John Liu,47,Non-binary,36841.83,Checking,547,New Zealand
593,Jennifer Doyle,57,Male,43309.88,Checking,739,Cuba
594,Jennifer Lyons,47,Female,61172.53,Savings,514,Faroe Islands
595,Matthew Harris,45,Non-binary,87186.3,Savings,688,Falkland Islands (Malvinas)
596,Taylor Bennett,68,Non-binary,47064.65,Savings,354,Ukraine
597,David Ross,33,Non-binary,84615.61,Checking,824,Saudi Arabia
598,Andrea Alexander,34,Female,57247.32,Checking,305,Syrian Arab Republic
599,Jonathan Boyd,69,Female,55854.96,Business,797,Comoros
600,Tracy Obrien,33,Female,23465.71,Business,449,Haiti
601,Gregory Brown,32,Female,97593.73,Checking,600,Singapore
602,Isaac Stevens,43,Female,94002.38,Business,526,Panama
603,Scott Juarez,80,Female,66447.07,Savings,461,Togo
604,Sean Martinez,80,Non-binary,31876.34,Business,746,New Caledonia
605,Steven Morgan,40,Male,26053.8,Savings,507,Mongolia
606,Mark Hardy,39,Male,69893.87,Savings,840,British Indian Ocean Territory (Chagos Archipelago)
607,Megan Cruz,45,Non-binary,94710.79,Savings,587,Western Sahara
608,Stephanie Fitzpatrick,44,Male,15799.94,Checking,366,Puerto Rico
609,David Anderson,35,Male,53666.32,Business,363,United States of America
610,Jennifer West,25,Female,86411.52,Savings,415,Pitcairn Islands
611,Vincent Larson,70,Male,8449.51,Checking,836,Monaco
612,Brian Lin,47,Male,15348.09,Business,750,Korea
613,Carla Bradshaw,58,Non-binary,8840.49,Business,300,Turks and Caicos Islands
614,David Hicks,46,Female,10505.94,Checking,360,Aruba
615,Jeffrey Rogers,24,Female,9242.55,Checking,835,Liberia
616,Ronald Watkins,67,Non-binary,71989.26,Checking,439,Zambia
617,Stephanie Ramirez,24,Female,69985.28,Business,314,Mauritania
618,Kathleen Stevenson,75,Non-binary,97854.85,Business,386,Belize
619,Steven Rodriguez,80,Female,89867.26,Business,360,Korea
620,Virginia Miller,75,Non-binary,91046.25,Checking,473,Libyan Arab Jamahiriya
621,Joann Garcia,54,Male,1346.24,Savings,815,Libyan Arab Jamahiriya
622,Larry Thompson,48,Male,11661.91,Checking,350,American Samoa
623,Theresa Perry,20,Male,32302.42,Checking,804,Ireland
624,Paula Woodward,51,Non-binary,99778.79,Savings,637,Saint Lucia
625,Alan Lawson,56,Male,56493.55,Savings,593,Mauritania
626,Debra Boyer,35,Non-binary,3151.43,Checking,363,Saint Barthelemy
627,Angela Allen,49,Female,51045.41,Checking,394,Chad
628,Jason Aguirre,22,Male,82838.71,Business,717,Slovakia (Slovak Republic)
629,Elizabeth Palmer,28,Female,2255.84,Checking,461,Oman
630,Kelly Garcia,35,Female,67658.59,Checking,411,Croatia
631,Kayla Knight,57,Female,24953.05,Checking,555,Israel
632,Sandy Wood,18,Female,42172.83,Checking,302,Croatia
633,Austin Scott,30,Non-binary,49459.08,Savings,531,Serbia
634,Lisa Smith,80,Female,23617.11,Savings,791,Kiribati
635,Todd Brown,80,Female,43222.88,Savings,357,Madagascar
636,Ronnie Sutton,30,Female,33162.13,Savings,407,Guernsey
637,Glenn Garrett,43,Non-binary,65356.68,Savings,636,Guinea-Bissau
638,Stacey Campbell,64,Female,6266.42,Checking,363,Wallis and Futuna
639,Scott Santiago,53,Female,75134.06,Business,541,Tokelau
640,Nicole Duke,43,Non-binary,34815.1,Business,316,Czech Republic
641,Amber Moore,76,Female,58694.15,Checking,528,Taiwan
642,Mr. Jonathan Bryant PhD,77,Male,56588.26,Business,706,Indonesia
643,Danielle Andrews,73,Male,23451.08,Business,713,Bouvet Island (Bouvetoya)
644,Tracy Clark,76,Female,16805.25,Business,468,Slovakia (Slovak Republic)
645,Rachel York,56,Non-binary,5904.12,Checking,412,Hong Kong
646,Phillip Johnson,35,Non-binary,66541.6,Checking,706,Turkey
647,Benjamin Hawkins,20,Non-binary,48719.74,Checking,770,Iceland
648,Jacqueline Smith,75,Non-binary,61691.15,Checking,516,Australia
649,Kerry Ford,70,Male,67051.98,Savings,628,Saint Lucia
650,Andrew Rodriguez PhD,60,Non-binary,53812.72,Savings,848,Eritrea
651,Peter Andrade MD,68,Female,69067.83,Savings,825,San Marino
652,Robert Johnson,64,Non-binary,95725.35,Savings,749,Estonia
653,Megan Fox,60,Non-binary,66112.66,Business,305,Norway
654,Mary Porter,45,Non-binary,47274.87,Checking,800,Nepal
655,Adam Carter,39,Male,78733.75,Checking,539,Guatemala
656,Alexa Young,76,Male,99089.04,Business,327,Norway
657,Emily Williams,61,Male,61494.88,Savings,683,Peru
658,Jennifer Cook,34,Non-binary,25608.88,Checking,566,Liechtenstein
659,Richard Krueger MD,47,Female,74516.96,Business,528,Botswana
660,Charles Brown,24,Non-binary,94398.02,Business,633,Chile
661,Jonathan Hurst,60,Female,52032.19,Checking,432,Belgium
662,David Jackson,20,Female,92717.89,Checking,641,Korea
663,Keith Foster,27,Female,95137.05,Business,475,Turkmenistan
664,Dennis Williams,46,Male,13232.37,Checking,316,French Guiana
665,Dr. Dustin Montgomery,22,Non-binary,45667.66,Business,746,Nicaragua
666,Robert Baldwin,67,Non-binary,29453.75,Checking,847,Dominica
667,Daniel Smith,70,Male,35385.57,Savings,791,San Marino
668,James Gray,64,Male,91679.68,Savings,667,British Indian Ocean Territory (Chagos Archipelago)
669,Alicia Baker,80,Male,85227.22,Savings,524,Russian Federation
670,Sara Cooper,48,Non-binary,53042.26,Checking,365,Iceland
671,Mary Jackson PhD,72,Male,62890.58,Checking,665,Thailand
672,Julie Nelson,72,Male,26054.82,Business,366,Bulgaria
673,Mrs. Jessica Atkinson,79,Male,65518.23,Checking,345,Maldives
674,David Baker,22,Non-binary,15648.56,Savings,640,Netherlands Antilles
675,Daniel Kline,39,Female,76645.21,Savings,807,Seychelles
676,Gregory Harris,42,Non-binary,92464.39,Checking,561,Cape Verde
677,Marie Duncan,20,Non-binary,76527.52,Savings,477,Eritrea
678,Dawn Spears,71,Female,42830.42,Checking,494,Bermuda
679,Carrie Gillespie,21,Female,72361.74,Business,660,Fiji
680,Margaret Cox,72,Non-binary,19762.54,Savings,504,Burkina Faso
681,Joel Wang,39,Female,21750.31,Savings,785,British Indian Ocean Territory (Chagos Archipelago)
682,Victor Torres,45,Male,57371.92,Savings,824,Botswana
683,Derek Robinson,37,Non-binary,79468.64,Checking,542,Tokelau
684,James Peters,76,Female,75525.8,Savings,655,Belize
685,Jeanette Grant,70,Male,63026.89,Business,329,Palau
686,Lisa Pitts,32,Female,21018.1,Checking,362,Saint Lucia
687,Brittany Martin,75,Non-binary,33338.83,Savings,322,Hong Kong
688,Tyler Smith,35,Non-binary,70382.44,Business,383,Peru
689,Wendy Murphy,58,Non-binary,82365.03,Savings,691,Tuvalu
690,Christina Tate,34,Male,59886.6,Business,577,Guernsey
691,Alex Gonzalez,69,Non-binary,65481.79,Savings,477,Algeria
692,Karen Fry,37,Male,63998.59,Business,806,Singapore
693,Daniel Hull,21,Female,38118.48,Checking,574,Oman
694,Thomas Beck,32,Female,49906.67,Business,790,Pitcairn Islands
695,Aaron Perez,30,Male,66317.93,Savings,512,Cambodia
696,Joshua Medina,73,Male,46305.78,Business,599,Belize
697,Courtney Shaw,26,Female,89547.42,Savings,769,Turkey
698,Jill Diaz,61,Female,82886.85,Business,745,Sao Tome and Principe
699,George Lawrence,56,Male,64486.99,Checking,770,United States Virgin Islands
700,Phyllis Marsh,68,Female,1356.09,Savings,499,Belgium
701,Jessica Short,78,Female,54633.94,Business,533,Slovakia (Slovak Republic)
702,Cynthia Patterson,55,Non-binary,61856.93,Business,810,Hong Kong
703,Matthew Rios,76,Female,34675.45,Business,501,Morocco
704,Nathan White,78,Male,16653.1,Checking,435,Antigua and Barbuda
705,Gabrielle Clark,62,Male,78918.51,Checking,323,Bouvet Island (Bouvetoya)
706,Joseph Cruz,67,Male,69876.58,Checking,840,Myanmar
707,Tara Nichols,29,Female,80989.38,Business,689,Eritrea
708,Laura Marshall,71,Non-binary,1366.2,Checking,645,Turkmenistan
709,Susan Simpson,70,Female,3100.69,Checking,369,Austria
710,Aaron Fletcher PhD,35,Male,37642.82,Checking,532,Argentina
711,Mary Pham,49,Non-binary,92653.06,Savings,308,Saint Kitts and Nevis
712,Amanda Gordon,54,Female,20794.05,Savings,488,Kuwait
713,Tyler Spencer,27,Non-binary,72457.56,Savings,492,Haiti
714,Alex Spence,78,Female,17345.76,Business,561,Pakistan
715,Austin Dudley,58,Non-binary,68108.73,Business,716,Rwanda
716,Micheal Stephens Jr.,62,Non-binary,74583.35,Savings,466,Guernsey
717,Natalie Burgess,33,Female,20986.35,Business,759,Taiwan
718,Corey Richardson,48,Male,86721.37,Savings,595,Cameroon
719,Daniel Bowers,77,Non-binary,45209.13,Savings,338,Christmas Island
720,Christine Rodriguez,41,Male,8499.44,Savings,702,Saint Barthelemy
721,Susan Davis,59,Non-binary,81118.82,Checking,694,Macao
722,Tammie Jenkins,56,Non-binary,20270.43,Checking,476,Comoros
723,Kyle Becker,77,Male,15609.75,Business,492,Saint Lucia
724,Karen Ellis,34,Female,43100.31,Checking,400,Togo
725,Shane Fleming,62,Female,49675.6,Savings,515,Luxembourg
726,Aaron Ray,61,Male,77920.78,Savings,818,Tokelau
727,Zachary Warner,62,Female,84042.29,Checking,839,United Arab Emirates
728,Mr. Christian Garcia,47,Non-binary,60989.13,Savings,409,Antarctica (the territory South of 60 deg S)
729,Ashley Trevino,29,Female,17900.54,Checking,514,Turks and Caicos Islands
730,Mr. Matthew Gibson DDS,45,Female,38881.93,Checking,537,Jordan
731,Brian Taylor,77,Non-binary,61580.0,Savings,400,Guadeloupe
732,Brandon Avery,71,Non-binary,87655.06,Checking,427,Sri Lanka
733,Jennifer Fuller,37,Female,94181.39,Business,613,Equatorial Guinea
734,Theresa Ball,79,Non-binary,82249.92,Checking,651,Madagascar
735,Eric Adams,75,Female,4334.85,Checking,828,Ghana
736,John Sutton,33,Non-binary,50533.96,Business,549,Peru
737,Aaron Avila,58,Non-binary,47015.58,Savings,811,Christmas Island
738,Russell Cortez,73,Male,58820.92,Checking,495,Cuba
739,Danielle Wallace,60,Male,54123.31,Savings,417,Gambia
740,Donald Turner,63,Male,42377.66,Checking,571,New Zealand
741,Timothy Snow,73,Female,28629.74,Savings,602,Argentina
742,Gerald Knight,28,Non-binary,59310.48,Checking,429,Bermuda
743,Caitlin Lang,48,Male,6826.2,Savings,786,Bulgaria
744,David Scott,35,Male,68681.57,Business,524,Indonesia
745,Melanie Davis,42,Male,2132.46,Business,443,Czech Republic
746,Jason Johnson,30,Female,13561.81,Business,764,Italy
747,Gregg Bell,47,Non-binary,47846.11,Savings,453,Congo
748,Karen Moyer,30,Non-binary,54736.43,Checking,414,Moldova
749,Bradley Mcdaniel,59,Female,5726.47,Business,369,Norfolk Island
750,Elizabeth Moss,36,Non-binary,90994.44,Savings,814,Finland
751,Brian Leonard,51,Non-binary,18753.11,Checking,748,Benin
752,Lauren Norris,36,Non-binary,94196.07,Savings,496,Cambodia
753,Adam Pierce,27,Female,40868.03,Checking,724,Belize
754,Kimberly Hall,44,Non-binary,14988.04,Business,342,Bahrain
755,Adriana Ball,61,Male,79935.03,Business,687,Egypt
756,Tracie Ortiz,70,Non-binary,29319.21,Savings,511,Netherlands Antilles
757,Robert Conway,19,Male,73917.62,Business,392,Gambia
758,Kathleen Cherry,60,Female,64864.32,Savings,656,Macao
759,Denise Castaneda,65,Female,63726.83,Business,630,Nauru
760,Kelly Pierce,31,Female,31060.59,Savings,837,Puerto Rico
761,Marie Morrow,35,Non-binary,3484.14,Checking,673,Senegal
762,John Smith,43,Female,6255.4,Savings,603,Haiti
763,Stephen Melendez,61,Non-binary,34588.94,Savings,736,Saint Martin
764,Kevin Rosario,80,Female,79127.66,Checking,802,Guinea-Bissau
765,Diana King,43,Female,24890.9,Checking,805,Guernsey
766,Gary Salazar,55,Female,24949.49,Business,761,Netherlands Antilles
767,Ana Walker,57,Non-binary,37773.41,Savings,485,Jamaica
768,Angela Morales,55,Female,58935.42,Business,541,Svalbard & Jan Mayen Islands
769,Christian Allen,28,Female,41805.84,Savings,526,Jersey
770,Sandra Thomas,80,Non-binary,75401.89,Checking,322,Panama
771,Andrew Patterson,37,Female,70332.84,Business,416,Saint Kitts and Nevis
772,Sarah Christensen,63,Female,81573.49,Business,514,Brazil
773,Wayne Ramsey,28,Female,52386.49,Business,682,Albania
774,Jason Kirby,44,Female,88252.86,Savings,814,Saint Barthelemy
775,Christopher Robles,76,Male,46682.73,Savings,643,Qatar
776,Amanda Carter,57,Non-binary,63310.13,Checking,470,Netherlands Antilles
777,Andrea Smith,80,Female,51297.62,Savings,598,Puerto Rico
778,Stephanie Davis,18,Female,17386.9,Savings,508,Benin
779,Thomas Wood,48,Female,40444.8,Savings,756,Pitcairn Islands
780,Angela Smith,68,Non-binary,67264.05,Business,545,Bahrain
781,Steven Wheeler,44,Female,843.62,Checking,373,Estonia
782,Brian Ellis,69,Male,92773.28,Checking,355,Finland
783,William Phillips,48,Female,31770.91,Savings,311,Saint Kitts and Nevis
784,Randy Garcia,38,Male,12325.39,Savings,489,Lesotho
785,Zachary Hudson,71,Male,18609.76,Business,518,Lithuania
786,Kelly Anderson,66,Non-binary,44562.92,Business,793,Nigeria
787,Isaac Atkins,33,Male,84413.84,Business,601,Svalbard & Jan Mayen Islands
788,Julie Haynes,79,Male,2797.37,Checking,342,American Samoa
789,Justin Henry,80,Non-binary,82490.26,Business,348,France
790,Ashley May,65,Female,99256.16,Checking,355,Netherlands
791,Cynthia Pena,76,Male,79750.27,Business,693,Estonia
792,Cheryl Mcgrath,33,Male,11430.16,Checking,565,Syrian Arab Republic
793,Jeremy Garcia,45,Male,84417.56,Checking,362,Lithuania
794,Joshua Young,72,Non-binary,1871.76,Checking,481,Nepal
795,Jennifer Campbell,27,Male,96278.29,Savings,842,El Salvador
796,Jill Juarez,26,Female,31728.5,Savings,519,Saint Vincent and the Grenadines
797,George Massey,26,Non-binary,87487.71,Business,435,Cook Islands
798,Crystal Chapman,44,Female,42267.8,Savings,793,Mozambique
799,Willie Blackburn,22,Male,25519.6,Savings,466,Panama
800,Samuel Morales,68,Male,71814.7,Checking,724,Andorra
801,Lisa Williams,38,Female,13580.95,Checking,595,Austria
802,Anne Adams,40,Male,28049.74,Checking,683,Greece
803,Brenda Foster,36,Male,8694.54,Savings,627,Kuwait
804,Rhonda Reese,51,Non-binary,20927.0,Business,612,Marshall Islands
805,Noah Clark,49,Non-binary,59969.49,Checking,636,Malta
806,Kevin Villegas,26,Female,69939.51,Business,836,Poland
807,Jacob Wilson,40,Non-binary,73687.65,Checking,576,Madagascar
808,Caleb Case,37,Male,7314.46,Checking,667,Estonia
809,Brittney Terry,68,Male,53552.04,Business,809,Timor-Leste
810,Matthew Johnston,56,Non-binary,64863.37,Savings,670,Liechtenstein
811,Aaron Murray,76,Non-binary,56286.55,Business,434,Micronesia
812,Grace Myers,28,Male,39248.45,Checking,835,Bulgaria
813,Autumn Simpson,44,Non-binary,94986.87,Savings,808,Costa Rica
814,Eddie Harrison MD,56,Male,5783.28,Savings,572,Niger
815,Kyle Burnett,46,Non-binary,36810.68,Checking,813,Rwanda
816,Christy Brady,61,Female,28549.54,Business,329,Heard Island and McDonald Islands
817,Jason Freeman,21,Male,74476.83,Checking,392,Mozambique
818,Breanna Williams,42,Male,15078.21,Checking,632,United States of America
819,Tanner Acevedo,63,Female,70902.08,Business,304,Morocco
820,Rachel Gonzalez,33,Male,78000.64,Business,801,Bulgaria
821,Ruben Padilla,44,Female,60549.91,Checking,503,Trinidad and Tobago
822,Amy Gibson,49,Male,92328.75,Business,591,Niue
823,Kristen Escobar,23,Female,14877.48,Savings,485,Kenya
824,Joel Bennett,71,Female,7269.9,Business,843,Tunisia
825,Martin Mitchell,41,Female,81732.89,Business,371,Cambodia
826,Joseph Marshall,53,Male,79572.1,Checking,746,Northern Mariana Islands
827,Lori Johnston,33,Male,9441.83,Checking,546,Kazakhstan
828,Shawn Diaz,25,Male,98729.77,Business,414,Kenya
829,Richard Jones,66,Non-binary,96755.93,Business,814,Bermuda
830,Leslie Carter,18,Non-binary,24484.07,Business,829,Kyrgyz Republic
831,Sheena White,22,Female,90387.72,Checking,685,Ukraine
832,Bradley Johnson,74,Non-binary,79013.94,Savings,484,French Guiana
833,Wendy Wright,48,Male,27156.63,Savings,604,Chad
834,Desiree Thomas,54,Male,62058.88,Savings,531,Greece
835,Yvette Green,41,Non-binary,56688.83,Business,749,Ethiopia
836,Cynthia Baird,50,Male,26089.3,Checking,812,Uganda
837,Calvin Baker,64,Non-binary,26954.44,Savings,779,Chad
838,Brandy Davies,19,Non-binary,45699.29,Checking,774,Barbados
839,Dr. Lisa Edwards,40,Non-binary,35762.97,Checking,544,French Guiana
840,Terry Harrington,26,Female,57094.58,Checking,515,Niger
841,Veronica Valencia,78,Male,46225.19,Business,606,Niue
842,Antonio Cook,49,Female,45044.14,Savings,402,Cayman Islands
843,Lisa Barr,58,Non-binary,83667.42,Business,708,Niger
844,Taylor Goodwin,69,Female,3294.03,Business,599,Kuwait
845,Richard Wilson,41,Female,96841.39,Business,788,Switzerland
846,David Blackburn,53,Female,19368.48,Checking,574,Lebanon
847,Joseph Gordon,27,Female,92133.55,Savings,672,Monaco
848,Shannon Freeman,25,Non-binary,9993.69,Savings,336,Guinea-Bissau
849,Gregory Howell,26,Non-binary,24650.66,Checking,482,Lesotho
850,Gregory Summers,65,Non-binary,84784.45,Business,772,Papua New Guinea
851,Sherry Eaton,54,Non-binary,4382.56,Savings,515,South Georgia and the South Sandwich Islands
852,Lawrence Cooper,61,Female,62648.95,Savings,648,Slovakia (Slovak Republic)
853,Jasmine Miller,77,Non-binary,67880.48,Savings,567,Qatar
854,Joanna Taylor,38,Non-binary,57210.19,Checking,550,Palestinian Territory
855,Austin Mcgrath,67,Non-binary,62221.62,Business,689,Turkmenistan
856,Donna Hall,62,Female,71386.57,Business,598,Belgium
857,Tammy Lopez,18,Female,31483.37,Savings,671,Tuvalu
858,Joseph Fitzpatrick,56,Male,81394.79,Savings,341,Namibia
859,Michael Schmidt MD,41,Male,16615.2,Savings,506,Guyana
860,William Lopez,79,Non-binary,29954.65,Business,761,Lao People's Democratic Republic
861,Gregory Smith,27,Non-binary,23840.43,Business,636,Libyan Arab Jamahiriya
862,Sylvia Burns,24,Male,38723.37,Business,580,Mayotte
863,Amanda Ramsey,32,Male,69432.97,Checking,828,Haiti
864,Travis Saunders,76,Non-binary,1382.54,Checking,739,Iran
865,Joshua Williams,47,Male,35543.83,Savings,522,Cape Verde
866,Megan Campbell,53,Non-binary,89924.46,Business,620,Luxembourg
867,Jonathan Morris,75,Female,19251.56,Checking,769,Bahrain
868,Elizabeth Morales,23,Female,3238.0,Savings,709,Seychelles
869,Lonnie Johnson,32,Female,18593.2,Checking,708,Cape Verde
870,Elizabeth Warner,73,Non-binary,35751.99,Savings,429,South Africa
871,Alexander King,42,Non-binary,64770.49,Business,804,Dominica
872,David Underwood,74,Male,93313.25,Business,682,Uruguay
873,Cheryl Thomas,20,Non-binary,31286.0,Savings,594,Mongolia
874,Sarah Adams,76,Male,29243.49,Checking,717,Panama
875,Nicole Jimenez,41,Non-binary,56521.23,Savings,403,Zimbabwe
876,Wendy Juarez,33,Female,48808.95,Checking,360,Grenada
877,Andrea Singh,71,Male,67623.83,Savings,766,Cape Verde
878,Scott Welch,24,Non-binary,85243.28,Savings,614,Mayotte
879,William Smith,26,Male,25591.17,Checking,644,Norfolk Island
880,Kyle Watkins,77,Female,15713.62,Checking,551,Uganda
881,April Hampton,68,Non-binary,76179.25,Checking,657,Liberia
882,Ms. Sara King DVM,57,Non-binary,22954.65,Business,308,Burkina Faso
883,David Evans,69,Non-binary,76557.92,Savings,534,Bermuda
884,Mrs. Samantha Moore,61,Non-binary,89850.35,Business,423,Australia
885,Robert Mcbride,26,Male,69420.55,Checking,309,Cocos (Keeling) Islands
886,Linda Morris,56,Male,35578.66,Savings,523,Saint Barthelemy
887,Mary Cooper,37,Non-binary,93824.62,Savings,605,Mexico
888,Danielle Arellano,49,Male,38641.83,Checking,520,Micronesia
889,Jessica Jensen,70,Male,14357.82,Savings,660,Uganda
890,Natalie Chavez,71,Non-binary,41572.77,Savings,704,Djibouti
891,Zachary Chavez,57,Non-binary,79045.93,Savings,378,Zimbabwe
892,Michael Williams,38,Female,46950.01,Savings,426,Congo
893,Keith Johnson,42,Non-binary,64903.19,Savings,398,Serbia
894,Michael Chandler,42,Female,73315.1,Savings,388,Saudi Arabia
895,Kyle Stone,74,Non-binary,32577.76,Savings,440,Saint Pierre and Miquelon
896,Stephen Perez,69,Non-binary,78275.9,Checking,713,Grenada
897,Deborah Jenkins,55,Female,41690.32,Savings,682,Turkmenistan
898,Brenda Giles,42,Male,35005.16,Checking,769,Guinea-Bissau
899,Hannah Lee,27,Male,27879.28,Checking,381,Canada
900,Adrienne Snyder,35,Male,56899.94,Business,707,Lesotho
901,Christina Baker,52,Non-binary,12843.95,Business,843,Ghana
902,Lori Lee,41,Female,77444.58,Business,701,Marshall Islands
903,Joshua Campbell,49,Male,60289.35,Checking,438,Pakistan
904,Rodney White,76,Female,5152.86,Business,736,Djibouti
905,Sabrina Hicks,33,Female,24443.1,Savings,507,New Caledonia
906,Thomas Taylor,66,Male,7022.7,Business,316,Korea
907,David Dominguez,72,Female,33021.53,Business,650,Bulgaria
908,Jeremiah Rios,68,Non-binary,20399.38,Business,805,Belgium
909,Jason Choi,59,Female,35687.67,Checking,804,Anguilla
910,Jeffrey Holland,19,Non-binary,68200.92,Checking,363,Estonia
911,Dr. Barbara Harris MD,56,Non-binary,13060.43,Savings,746,Kyrgyz Republic
912,Tyler Stanton,41,Male,63974.3,Business,350,Samoa
913,Phyllis Johnston,56,Non-binary,64320.23,Business,555,Ethiopia
914,Edward Ortiz,50,Non-binary,24091.13,Checking,788,Grenada
915,Timothy Franklin,51,Male,1128.9,Business,722,Canada
916,Ricardo Johnson,39,Female,74888.12,Business,542,Algeria
917,Amanda Horton,58,Female,76501.36,Business,752,Saudi Arabia
918,Keith Booker,58,Non-binary,33512.0,Business,832,Antigua and Barbuda
919,Michaela Webb,22,Non-binary,50009.48,Business,628,Mauritania
920,Joshua Smith,51,Non-binary,26385.49,Business,837,India
921,Brandy Pearson,24,Male,27123.91,Savings,638,Niue
922,Kimberly Robinson,76,Female,68740.67,Business,621,United States Virgin Islands
923,Elizabeth Acevedo,53,Male,81883.84,Business,421,Bhutan
924,Luis Burke,50,Female,7595.8,Checking,703,Christmas Island
925,Sandra White,41,Non-binary,18553.78,Savings,682,Timor-Leste
926,Danny Tran,21,Male,75424.48,Savings,641,Aruba
927,Emily Johnson,27,Non-binary,39254.83,Checking,666,Equatorial Guinea
928,Dennis Mccall,19,Non-binary,94347.67,Checking,611,Libyan Arab Jamahiriya
929,Ronnie Bass,52,Female,36670.64,Savings,776,Israel
930,Mrs. Shannon Curry,73,Female,47021.88,Business,512,Croatia
931,Alan Smith,43,Non-binary,86369.39,Savings,341,Romania
932,Jeff Roberson,66,Female,73630.28,Business,811,British Virgin Islands
933,Laurie Sloan,44,Male,14741.6,Checking,651,Cameroon
934,Mary Mccoy,43,Female,86435.47,Checking,760,Uruguay
935,Jerry Butler,18,Male,34668.41,Savings,453,El Salvador
936,Jonathan Walker,36,Female,58140.97,Checking,497,Bosnia and Herzegovina
937,Kyle Schmidt,51,Non-binary,17091.78,Business,796,Colombia
938,Elizabeth Ramirez,77,Non-binary,15876.99,Business,333,Yemen
939,Kenneth Myers,31,Male,68622.54,Savings,373,El Salvador
940,Stephanie Young,30,Male,55318.04,Business,381,Turkmenistan
941,Jennifer Trujillo,55,Male,97620.31,Checking,543,Dominican Republic
942,Melissa Rhodes,18,Non-binary,56014.35,Checking,610,Bangladesh
943,Kathryn Burns,36,Female,42999.52,Checking,540,Slovenia
944,William Curry,35,Female,54626.02,Business,508,Botswana
945,Mr. Glenn Morales,70,Male,40596.73,Checking,707,Sweden
946,Seth Rivera,76,Female,20770.85,Checking,441,Djibouti
947,Elizabeth Barrett,32,Non-binary,41724.31,Business,592,Tanzania
948,James Russell,50,Male,988.83,Savings,819,India
949,Robert Gonzalez,27,Female,26521.57,Checking,490,Serbia
950,Christopher Jones,71,Non-binary,50147.16,Checking,838,Saint Helena
951,Melissa Osborne,35,Male,68350.93,Business,358,Tuvalu
952,Timothy Vasquez,29,Male,56442.15,Savings,650,Tokelau
953,Tammy Farrell,54,Female,80261.52,Checking,347,Bouvet Island (Bouvetoya)
954,Jeffrey Hanson,29,Non-binary,19101.17,Savings,385,Anguilla
955,Anna Mitchell MD,34,Male,70294.72,Savings,618,Saint Pierre and Miquelon
956,Brittany Duncan,79,Male,62294.13,Savings,620,Slovenia
957,Robert Dillon,18,Male,22514.94,Savings,594,Oman
958,Sandra George,65,Male,47323.36,Checking,761,Congo
959,Robin Martin,52,Female,40905.48,Business,573,Bahrain
960,William Taylor,32,Male,93749.38,Checking,372,Jamaica
961,Sharon Ferguson,37,Male,23453.59,Checking,593,Turks and Caicos Islands
962,Edward Williams,55,Non-binary,46819.31,Business,547,Myanmar
963,Luke Ruiz,75,Female,12046.08,Checking,572,Saint Kitts and Nevis
964,Sarah Wheeler,68,Male,43467.39,Business,588,Cambodia
965,Ashley Ryan,70,Female,62141.78,Business,826,Lao People's Democratic Republic
966,Wanda Jacobs,58,Female,16794.09,Savings,546,Armenia
967,Chad Vargas,25,Non-binary,14592.31,Business,350,Togo
968,John Moore,45,Female,63087.58,Savings,567,Seychelles
969,Rebecca Morgan,40,Non-binary,19090.39,Business,626,Panama
970,Javier Herrera,39,Female,74025.17,Savings,825,Cape Verde
971,Christopher Barry,40,Male,32716.87,Savings,357,Tunisia
972,Natasha Benjamin,18,Non-binary,39791.51,Savings,733,Poland
973,Connie Gutierrez,72,Male,10314.17,Savings,607,Guinea
974,Brenda Jimenez,53,Male,41692.65,Savings,657,Central African Republic
975,Toni Allison,69,Female,40775.15,Business,320,Seychelles
976,Becky Hall,67,Non-binary,92272.97,Savings,345,Kenya
977,John Gibson,71,Female,99372.34,Checking,818,Saint Vincent and the Grenadines
978,Derek Fuller,58,Non-binary,43874.21,Business,407,Faroe Islands
979,Kayla Johnston,80,Non-binary,12200.24,Business,356,Heard Island and McDonald Islands
980,Erik West,46,Female,27963.91,Savings,742,South Georgia and the South Sandwich Islands
981,Melissa Blanchard,77,Female,62515.03,Checking,499,Peru
982,Dana Anderson,29,Female,52247.33,Savings,615,Finland
983,Lorraine Evans,54,Female,80841.75,Business,334,India
984,Miss Sara Smith DVM,72,Female,87897.85,Checking,567,Moldova
985,Edward Preston,44,Non-binary,17953.88,Savings,363,Estonia
986,Lisa Gray,75,Male,5134.6,Checking,564,Jersey
987,George Schultz,35,Female,13946.71,Checking,772,Algeria
988,Ann Wells,19,Male,49843.05,Checking,457,Palau
989,David Best,28,Female,84111.63,Checking,357,Saint Martin
990,Sara Miller,36,Male,76345.98,Business,305,Vanuatu
991,Jessica Tran,68,Male,75849.5,Checking,660,Senegal
992,Ryan Robles,78,Male,44564.48,Savings,791,Senegal
993,Tiffany Mckay,51,Non-binary,18718.07,Savings,663,Nepal
994,Denise Owen,38,Female,14230.88,Savings,370,United States Minor Outlying Islands
995,Dr. Jamie Butler DDS,65,Non-binary,68179.39,Savings,384,Marshall Islands
996,Jared Olson,67,Non-binary,57900.25,Savings,832,Belize
997,Jacob Reynolds,49,Female,35094.12,Checking,411,Burundi
998,Olivia Garcia,52,Female,53639.08,Business,616,Guatemala
999,Marcus Cox,19,Non-binary,79587.35,Business,775,Chad
1000,Diane Young,30,Male,31342.77,Checking,838,Venezuela
